epoch,loss,mean_absolute_error,val_loss,val_mean_absolute_error
0,0.40655794739723206,0.42213302850723267,6.13546085357666,1.6462777853012085
1,0.39851903915405273,0.4267287850379944,6.583567142486572,1.7108920812606812
2,0.3978482186794281,0.431000679731369,6.627133369445801,1.7144256830215454
