epoch,loss,mean_absolute_error,val_loss,val_mean_absolute_error
0,0.47691842913627625,0.4815653860569,15.641219139099121,2.54811692237854
1,0.38730233907699585,0.4332857131958008,14.644390106201172,2.5028743743896484
2,0.36364129185676575,0.4202817976474762,14.42884635925293,2.545900583267212
3,0.35305699706077576,0.418171763420105,14.431066513061523,2.529958486557007
4,0.34451818466186523,0.41429781913757324,14.546615600585938,2.544788122177124
