epoch,loss,mean_absolute_error,mean_squared_logarithmic_error,val_loss,val_mean_absolute_error,val_mean_squared_logarithmic_error
0,0.01474201213568449,0.08348648250102997,0.007731529418379068,0.37823906540870667,0.41169488430023193,0.1080411896109581
1,0.010744384489953518,0.07260875403881073,0.005607847589999437,0.5649423599243164,0.5070978999137878,0.18788528442382812
2,0.00974670983850956,0.07204277068376541,0.00486648827791214,0.6287612318992615,0.5349780321121216,0.21762599050998688
3,0.00900108553469181,0.06893099844455719,0.004568989388644695,0.7136380076408386,0.5747320055961609,0.2388339638710022
4,0.008566646836698055,0.06760768592357635,0.004306638613343239,0.7870830297470093,0.6091604232788086,0.25216034054756165
5,0.008073669858276844,0.06550226360559464,0.004055037163197994,0.8154861330986023,0.6246346235275269,0.2582079768180847
