epoch,loss,mean_absolute_error,val_loss,val_mean_absolute_error
0,0.584357500076294,0.545361340045929,16.262042999267578,2.5142784118652344
1,0.4063408374786377,0.4427855908870697,15.559173583984375,2.51562237739563
2,0.3810340464115143,0.42967867851257324,14.635476112365723,2.44743013381958
3,0.36800509691238403,0.42154672741889954,14.249805450439453,2.45019268989563
4,0.359250009059906,0.41902944445610046,14.04947280883789,2.4438533782958984
5,0.3527553975582123,0.41632765531539917,13.802434921264648,2.4320032596588135
6,0.3472628593444824,0.4133395552635193,13.939874649047852,2.4600610733032227
7,0.34215232729911804,0.4115080237388611,14.153926849365234,2.483267068862915
