epoch,loss,mean_absolute_error,mean_squared_logarithmic_error,percentage_difference,val_loss,val_mean_absolute_error,val_mean_squared_logarithmic_error,val_percentage_difference
0,8.48097333800979e-05,0.003506275825202465,5.0154525524703786e-05,inf,0.0002514267398510128,0.006620952393859625,0.00011744071525754407,1.7890793085098267
1,3.830934474535752e-06,0.001413777587004006,3.193444172211457e-06,inf,0.00022181752137839794,0.006427485030144453,0.00010358033614465967,1.8034393787384033
2,3.0080502710916335e-06,0.0012003035517409444,2.4994749310280895e-06,inf,0.0002778542402666062,0.006410839501768351,0.00012816872913390398,1.7092883586883545
3,2.8946565180376638e-06,0.0011661865282803774,2.4014107111725025e-06,inf,0.0004371264949440956,0.008014585822820663,0.0002046365843852982,1.883486032485962
4,2.8625545382965356e-06,0.0011545399902388453,2.3736713501421036e-06,inf,0.00032064318656921387,0.007076902315020561,0.0001480589562561363,2.144611120223999
5,2.8182998903503176e-06,0.00114199158269912,2.337339537916705e-06,inf,0.0004996770294383168,0.00880732387304306,0.00023533009516540915,2.0957517623901367
6,2.790745838865405e-06,0.0011341331992298365,2.3126899577619042e-06,inf,0.0004561834502965212,0.008604596368968487,0.00021432376524899155,2.194370746612549
